Id,Nome,Hp,Ataque,Defesa,Ataque Especial,Defesa Especial,Velocidade,Geração,Lendário,Tipos,Status Total,Total de Batalhas,Vitórias,Taxa de Vitória
45,Jigglypuff,115,45,20,45,25,20,1,False,"Normal, Fairy",270,130,15.0,11.538461538461538
314,Slaking,150,160,100,95,65,100,3,False,Normal,670,150,133.0,88.66666666666667
36,Nidorina,70,62,67,55,55,56,1,False,Poison,365,148,57.0,38.513513513513516
28,Fearow,65,90,65,61,61,100,1,False,"Normal, Flying",442,123,103.0,83.73983739837398
29,Ekans,35,60,44,40,54,55,1,False,Poison,288,131,48.0,36.6412213740458
30,Arbok,60,85,69,65,79,80,1,False,Poison,438,125,72.0,57.599999999999994
31,Pikachu,35,55,40,50,50,90,1,False,Electric,320,136,93.0,68.38235294117648
32,Raichu,60,90,55,90,80,110,1,False,Electric,485,121,105.0,86.77685950413223
34,Sandslash,75,100,110,45,55,65,1,False,Ground,450,105,56.0,53.333333333333336
35,Nidoran♀,55,47,52,40,40,41,1,False,Poison,275,119,20.0,16.80672268907563
37,Nidoqueen,90,92,87,75,85,76,1,False,"Poison, Ground",505,122,66.0,54.09836065573771
38,Nidoran♂,46,57,40,40,40,50,1,False,Poison,273,136,34.0,25.0
39,Nidorino,61,72,57,55,55,65,1,False,Poison,365,128,51.0,39.84375
40,Nidoking,81,102,77,85,75,85,1,False,"Poison, Ground",505,140,79.0,56.42857142857143
41,Clefairy,70,45,48,60,65,35,1,False,Fairy,323,127,20.0,15.748031496062993
42,Clefable,95,70,73,95,90,60,1,False,Fairy,483,123,49.0,39.83739837398374
43,Vulpix,38,41,40,50,65,65,1,False,Fire,299,129,53.0,41.08527131782946
44,Ninetales,73,76,75,81,100,100,1,False,Fire,505,127,103.0,81.10236220472441
47,Zubat,40,45,35,30,40,55,1,False,"Poison, Flying",245,145,55.0,37.93103448275862
48,Golbat,75,80,70,65,75,90,1,False,"Poison, Flying",455,128,97.0,75.78125
49,Oddish,45,50,55,75,65,30,1,False,"Grass, Poison",320,143,9.0,6.293706293706294
50,Gloom,60,65,70,85,75,40,1,False,"Grass, Poison",395,129,28.0,21.705426356589147
51,Vileplume,75,80,85,110,90,50,1,False,"Grass, Poison",490,124,44.0,35.483870967741936
52,Paras,35,70,55,45,55,25,1,False,"Bug, Grass",285,138,13.0,9.420289855072465
53,Parasect,60,95,80,60,80,30,1,False,"Bug, Grass",405,154,30.0,19.480519480519483
54,Venonat,60,55,50,40,55,45,1,False,"Bug, Poison",305,143,32.0,22.377622377622377
55,Venomoth,70,65,60,90,75,90,1,False,"Bug, Poison",450,140,92.0,65.71428571428571
56,Diglett,10,55,25,35,45,95,1,False,Ground,265,126,68.0,53.96825396825397
57,Dugtrio,35,80,50,50,70,120,1,False,Ground,405,128,108.0,84.375
58,Meowth,40,45,35,40,40,90,1,False,Normal,290,140,91.0,65.0
59,Persian,65,70,60,65,65,115,1,False,Normal,440,120,103.0,85.83333333333333
60,Psyduck,50,52,48,65,50,55,1,False,Water,320,142,47.0,33.098591549295776
61,Golduck,80,82,78,95,80,85,1,False,Water,500,115,79.0,68.69565217391305
62,Mankey,40,80,35,35,45,70,1,False,Fighting,305,118,55.0,46.61016949152542
64,Growlithe,55,70,45,70,50,60,1,False,Fire,350,120,54.0,45.0
65,Arcanine,90,110,80,100,80,95,1,False,Fire,555,114,91.0,79.82456140350878
1,Bulbasaur,45,49,49,65,65,45,1,False,"Grass, Poison",318,133,37.0,27.819548872180448
2,Ivysaur,60,62,63,80,80,60,1,False,"Grass, Poison",405,121,46.0,38.01652892561984
3,Venusaur,80,82,83,100,100,80,1,False,"Grass, Poison",525,132,89.0,67.42424242424242
4,Mega Venusaur,80,100,123,122,120,80,1,False,"Grass, Poison",625,125,70.0,56.00000000000001
5,Charmander,39,52,43,60,50,65,1,False,Fire,309,112,55.0,49.107142857142854
6,Charmeleon,58,64,58,80,65,80,1,False,Fire,405,118,64.0,54.23728813559322
7,Charizard,78,84,78,109,85,100,1,False,"Fire, Flying",534,133,115.0,86.46616541353383
8,Mega Charizard X,78,130,111,130,85,100,1,False,"Fire, Dragon",634,139,119.0,85.61151079136691
9,Mega Charizard Y,78,104,78,159,115,100,1,False,"Fire, Flying",634,135,114.0,84.44444444444444
10,Squirtle,44,48,65,50,64,43,1,False,Water,314,117,19.0,16.23931623931624
11,Wartortle,59,63,80,65,80,58,1,False,Water,405,141,59.0,41.843971631205676
13,Mega Blastoise,79,103,120,135,115,78,1,False,Water,630,144,83.0,57.638888888888886
14,Caterpie,45,30,35,20,20,45,1,False,Bug,195,115,17.0,14.782608695652174
15,Metapod,50,20,55,25,25,30,1,False,Bug,205,133,13.0,9.774436090225564
16,Butterfree,60,45,50,90,80,70,1,False,"Bug, Flying",395,120,75.0,62.5
17,Weedle,40,35,30,20,20,50,1,False,"Bug, Poison",195,111,26.0,23.423423423423422
18,Kakuna,45,25,50,25,25,35,1,False,"Bug, Poison",205,130,17.0,13.076923076923078
19,Beedrill,65,90,40,45,80,75,1,False,"Bug, Poison",395,128,80.0,62.5
20,Mega Beedrill,65,150,40,15,80,145,1,False,"Bug, Poison",495,119,115.0,96.63865546218487
21,Pidgey,40,45,40,35,35,56,1,False,"Normal, Flying",251,126,47.0,37.301587301587304
22,Pidgeotto,63,60,55,50,50,71,1,False,"Normal, Flying",349,121,64.0,52.892561983471076
23,Pidgeot,83,80,75,70,70,101,1,False,"Normal, Flying",479,130,112.0,86.15384615384616
24,Mega Pidgeot,83,80,80,135,80,121,1,False,"Normal, Flying",579,126,119.0,94.44444444444444
25,Rattata,30,56,35,25,35,72,1,False,Normal,253,135,65.0,48.148148148148145
26,Raticate,55,81,60,50,70,97,1,False,"Normal, Fairy",413,140,101.0,72.14285714285714
27,Spearow,40,60,30,31,31,70,1,False,"Normal, Flying",262,138,62.0,44.927536231884055
67,Poliwhirl,65,65,65,50,50,90,1,False,Water,385,125,90.0,72.0
68,Poliwrath,90,95,95,70,90,70,1,False,"Water, Fighting",510,130,68.0,52.307692307692314
69,Abra,25,20,15,105,55,90,1,False,Psychic,310,108,35.0,32.407407407407405
70,Kadabra,40,35,30,120,70,105,1,False,Psychic,400,130,87.0,66.92307692307692
71,Alakazam,55,50,45,135,95,120,1,False,Psychic,500,140,108.0,77.14285714285715
72,Mega Alakazam,55,50,65,175,95,150,1,False,Psychic,590,110,86.0,78.18181818181819
73,Machop,70,80,50,35,35,35,1,False,Fighting,305,150,21.0,14.000000000000002
74,Machoke,80,100,70,50,60,45,1,False,Fighting,405,124,32.0,25.806451612903224
75,Machamp,90,130,80,65,85,55,1,False,Fighting,505,116,51.0,43.96551724137931
76,Bellsprout,50,75,35,70,30,40,1,False,"Grass, Poison",300,108,23.0,21.296296296296298
77,Weepinbell,65,90,50,85,45,55,1,False,"Grass, Poison",390,121,45.0,37.1900826446281
79,Tentacool,40,40,35,50,100,70,1,False,"Water, Poison",335,157,79.0,50.318471337579616
80,Tentacruel,80,70,65,80,120,100,1,False,"Water, Poison",515,117,94.0,80.34188034188034
81,Geodude,40,80,100,30,30,20,1,False,"Rock, Ground",300,135,16.0,11.851851851851853
82,Graveler,55,95,115,45,45,35,1,False,"Rock, Ground",390,137,29.0,21.16788321167883
83,Golem,80,120,130,55,65,45,1,False,"Rock, Ground",495,135,50.0,37.03703703703704
84,Ponyta,50,85,55,65,65,90,1,False,Fire,410,115,86.0,74.78260869565217
85,Rapidash,65,100,70,80,80,105,1,False,Fire,500,105,91.0,86.66666666666667
86,Slowpoke,90,65,65,40,40,15,1,False,"Water, Psychic",315,122,24.0,19.672131147540984
87,Slowbro,95,75,110,100,80,30,1,False,"Water, Psychic",490,131,20.0,15.267175572519085
88,Mega Slowbro,95,75,180,130,80,30,1,False,"Water, Psychic",590,116,16.0,13.793103448275861
89,Magnemite,25,35,70,95,55,45,1,False,"Electric, Steel",325,143,24.0,16.783216783216783
91,Farfetch'd,52,65,55,58,62,60,1,False,"Normal, Flying",352,116,52.0,44.827586206896555
92,Doduo,35,85,45,35,35,75,1,False,"Normal, Flying",310,134,87.0,64.92537313432835
93,Dodrio,60,110,70,60,60,100,1,False,"Normal, Flying",460,143,121.0,84.61538461538461
94,Seel,65,45,55,45,70,45,1,False,Water,325,119,29.0,24.369747899159663
95,Dewgong,90,70,80,70,95,70,1,False,"Water, Ice",475,131,68.0,51.908396946564885
96,Grimer,80,80,50,40,50,25,1,False,Poison,325,142,25.0,17.6056338028169
97,Muk,105,105,75,65,100,50,1,False,Poison,500,133,50.0,37.59398496240601
98,Shellder,30,65,100,45,25,40,1,False,Water,305,111,21.0,18.91891891891892
99,Cloyster,50,95,180,85,45,70,1,False,"Water, Ice",525,134,71.0,52.98507462686567
100,Gastly,30,35,30,100,35,80,1,False,"Ghost, Poison",310,128,61.0,47.65625
101,Haunter,45,50,45,115,55,95,1,False,"Ghost, Poison",405,111,77.0,69.36936936936937
102,Gengar,60,65,60,130,75,110,1,False,"Ghost, Poison",500,114,88.0,77.19298245614034
103,Mega Gengar,60,65,80,170,95,130,1,False,"Ghost, Poison",600,131,113.0,86.25954198473282
104,Onix,35,45,160,30,45,70,1,False,"Rock, Ground",385,135,65.0,48.148148148148145
105,Drowzee,60,48,45,43,90,42,1,False,Psychic,328,137,30.0,21.897810218978105
106,Hypno,85,73,70,73,115,67,1,False,Psychic,483,119,61.0,51.26050420168067
107,Krabby,30,105,90,25,25,50,1,False,Water,325,137,38.0,27.73722627737226
108,Kingler,55,130,115,50,50,75,1,False,Water,475,112,67.0,59.82142857142857
109,Voltorb,40,30,50,55,55,100,1,False,Electric,330,113,66.0,58.4070796460177
110,Electrode,60,50,70,80,80,140,1,False,Electric,480,129,109.0,84.49612403100775
111,Exeggcute,60,40,80,60,45,40,1,False,"Grass, Psychic",325,136,32.0,23.52941176470588
112,Exeggutor,95,95,85,125,65,55,1,False,"Grass, Psychic",520,95,37.0,38.94736842105263
113,Cubone,50,50,95,40,50,35,1,False,Ground,320,143,29.0,20.27972027972028
114,Marowak,60,80,110,50,80,45,1,False,Ground,425,120,34.0,28.333333333333332
115,Hitmonlee,50,120,53,35,110,87,1,False,Fighting,455,128,82.0,64.0625
116,Hitmonchan,50,105,79,35,110,76,1,False,"Fighting, Fairy",455,140,87.0,62.142857142857146
117,Lickitung,90,55,75,60,75,30,1,False,Normal,385,136,19.0,13.970588235294118
118,Koffing,40,65,95,60,45,35,1,False,Poison,340,143,20.0,13.986013986013987
119,Weezing,65,90,120,85,70,60,1,False,Poison,490,129,56.0,43.41085271317829
120,Rhyhorn,80,85,95,30,30,25,1,False,"Ground, Rock",345,119,34.0,28.57142857142857
121,Rhydon,105,130,120,45,45,40,1,False,"Ground, Rock",485,108,48.0,44.44444444444444
123,Tangela,65,55,115,100,40,60,1,False,Grass,435,129,49.0,37.98449612403101
124,Kangaskhan,105,95,80,40,80,90,1,False,Normal,490,126,95.0,75.39682539682539
125,Mega Kangaskhan,105,125,100,60,100,100,1,False,Normal,590,128,107.0,83.59375
126,Horsea,30,40,70,70,25,60,1,False,Water,295,133,55.0,41.35338345864661
127,Seadra,55,65,95,95,45,85,1,False,Water,440,118,78.0,66.10169491525424
128,Goldeen,45,67,60,35,50,63,1,False,Water,320,117,60.0,51.28205128205128
129,Seaking,80,92,65,65,80,68,1,False,Water,450,114,55.0,48.24561403508772
130,Staryu,30,45,55,70,55,85,1,False,Water,340,142,80.0,56.33802816901409
131,Starmie,60,75,85,100,85,115,1,False,"Water, Psychic",520,129,116.0,89.92248062015504
132,Mr. Mime,40,45,65,100,120,90,1,False,"Psychic, Fairy",460,136,76.0,55.88235294117647
133,Scyther,70,110,80,55,80,105,1,False,"Bug, Flying",500,141,124.0,87.94326241134752
134,Jynx,65,50,35,115,95,95,1,False,"Ice, Psychic",455,135,99.0,73.33333333333333
135,Electabuzz,65,83,57,95,85,105,1,False,Electric,490,129,115.0,89.14728682170544
136,Magmar,65,95,57,100,85,93,1,False,Fire,495,129,96.0,74.4186046511628
137,Pinsir,65,125,100,55,70,85,1,False,Bug,500,124,81.0,65.32258064516128
138,Mega Pinsir,65,155,120,65,90,105,1,False,"Bug, Flying",600,121,105.0,86.77685950413223
139,Tauros,75,100,95,40,70,110,1,False,Normal,490,117,102.0,87.17948717948718
140,Magikarp,20,10,55,15,20,80,1,False,Water,200,139,25.0,17.985611510791365
122,Chansey,250,5,5,35,105,50,1,False,Normal,450,98,15.0,15.306122448979592
141,Gyarados,95,125,79,60,100,81,1,False,"Water, Flying",540,133,82.0,61.65413533834586
142,Mega Gyarados,95,155,109,70,130,81,1,False,"Water, Dark",640,137,93.0,67.88321167883211
143,Lapras,130,85,80,85,95,60,1,False,"Water, Ice",535,139,61.0,43.884892086330936
145,Eevee,55,55,50,45,65,55,1,False,Normal,325,99,37.0,37.37373737373738
146,Vaporeon,130,65,60,110,95,65,1,False,Water,525,132,69.0,52.27272727272727
147,Jolteon,65,65,60,110,95,130,1,False,Electric,525,134,124.0,92.53731343283582
148,Flareon,65,130,60,95,110,65,1,False,Fire,525,132,70.0,53.03030303030303
149,Porygon,65,60,70,85,75,40,1,False,Normal,395,128,23.0,17.96875
150,Omanyte,35,40,100,90,55,35,1,False,"Rock, Water",355,128,23.0,17.96875
151,Omastar,70,60,125,115,70,55,1,False,"Rock, Water",495,138,49.0,35.507246376811594
152,Kabuto,30,80,90,55,45,55,1,False,"Rock, Water",355,142,61.0,42.95774647887324
153,Kabutops,60,115,105,65,70,80,1,False,"Rock, Water",495,110,79.0,71.81818181818181
154,Aerodactyl,80,105,65,60,75,130,1,False,"Rock, Flying",515,141,136.0,96.45390070921985
155,Mega Aerodactyl,80,135,85,70,95,150,1,False,"Rock, Flying",615,129,127.0,98.44961240310077
156,Snorlax,160,110,65,65,110,30,1,False,Normal,540,112,40.0,35.714285714285715
157,Articuno,90,85,100,95,125,85,1,True,"Ice, Flying",580,139,95.0,68.34532374100719
158,Zapdos,90,90,85,125,90,100,1,True,"Electric, Flying",580,121,93.0,76.85950413223141
159,Moltres,90,100,90,125,85,90,1,True,"Fire, Flying",580,136,100.0,73.52941176470588
160,Dratini,41,64,45,50,50,50,1,False,Dragon,300,117,43.0,36.75213675213676
161,Dragonair,61,84,65,70,70,70,1,False,Dragon,420,116,58.0,50.0
162,Dragonite,91,134,95,100,100,80,1,False,"Dragon, Flying",600,138,87.0,63.04347826086957
163,Mewtwo,106,110,90,154,90,130,1,True,Psychic,680,164,152.0,92.6829268292683
164,Mega Mewtwo X,106,190,100,154,100,130,1,True,"Psychic, Fighting",780,135,125.0,92.5925925925926
165,Mega Mewtwo Y,106,150,70,194,120,140,1,True,Psychic,780,125,119.0,95.19999999999999
166,Mew,100,100,100,100,100,100,1,False,Psychic,600,113,94.0,83.1858407079646
167,Chikorita,45,49,65,49,65,45,2,False,Grass,318,120,33.0,27.500000000000004
168,Bayleef,60,62,80,63,80,60,2,False,Grass,405,113,49.0,43.36283185840708
169,Meganium,80,82,100,83,100,80,2,False,Grass,525,129,88.0,68.21705426356588
170,Cyndaquil,39,52,43,60,50,65,2,False,Fire,309,121,61.0,50.413223140495866
171,Quilava,58,64,58,80,65,80,2,False,Fire,405,151,92.0,60.9271523178808
172,Typhlosion,78,84,78,109,85,100,2,False,Fire,534,116,100.0,86.20689655172413
173,Totodile,50,65,64,44,48,43,2,False,Water,314,132,29.0,21.96969696969697
174,Croconaw,65,80,80,59,63,58,2,False,Water,405,136,60.0,44.11764705882353
175,Feraligatr,85,105,100,79,83,78,2,False,Water,530,138,81.0,58.69565217391305
176,Sentret,35,46,34,35,45,20,2,False,Normal,215,125,9.0,7.199999999999999
177,Furret,85,76,64,45,55,90,2,False,Normal,415,138,93.0,67.3913043478261
178,Hoothoot,60,30,30,36,56,50,2,False,"Normal, Flying",262,111,36.0,32.432432432432435
179,Noctowl,100,50,50,76,96,70,2,False,"Normal, Flying",442,136,68.0,50.0
180,Ledyba,40,20,30,40,80,55,2,False,"Bug, Flying",265,123,28.0,22.76422764227642
181,Ledian,55,35,50,55,110,85,2,False,"Bug, Flying",390,137,86.0,62.77372262773723
182,Spinarak,40,60,40,40,40,30,2,False,"Bug, Poison",250,137,13.0,9.48905109489051
184,Crobat,85,90,80,70,80,130,2,False,"Poison, Flying",535,122,113.0,92.62295081967213
185,Chinchou,75,38,38,56,56,67,2,False,"Water, Electric",330,114,60.0,52.63157894736842
186,Lanturn,125,58,58,76,76,67,2,False,"Water, Electric",460,128,66.0,51.5625
187,Pichu,20,40,15,35,35,60,2,False,Electric,205,105,36.0,34.285714285714285
188,Cleffa,50,25,28,45,55,15,2,False,Fairy,218,112,7.0,6.25
189,Igglybuff,90,30,15,40,20,15,2,False,"Normal, Fairy",210,115,5.0,4.3478260869565215
190,Togepi,35,20,65,40,65,20,2,False,Fairy,245,122,3.0,2.459016393442623
191,Togetic,55,40,85,80,105,40,2,False,"Fairy, Flying",405,127,30.0,23.62204724409449
192,Natu,40,50,45,70,45,70,2,False,"Psychic, Flying",320,116,64.0,55.172413793103445
193,Xatu,65,75,70,95,70,95,2,False,"Psychic, Flying",470,121,88.0,72.72727272727273
194,Mareep,55,40,40,65,45,35,2,False,Electric,280,140,23.0,16.428571428571427
195,Flaaffy,70,55,55,80,60,45,2,False,Electric,365,108,24.0,22.22222222222222
196,Ampharos,90,75,85,115,90,55,2,False,Electric,510,119,41.0,34.45378151260504
197,Mega Ampharos,90,95,105,165,110,45,2,False,"Electric, Dragon",610,128,37.0,28.90625
198,Bellossom,75,80,95,90,100,50,2,False,Grass,490,139,30.0,21.58273381294964
199,Marill,70,20,50,20,50,40,2,False,"Water, Fairy",250,122,19.0,15.573770491803279
200,Azumarill,100,50,80,60,80,50,2,False,"Water, Fairy",420,128,44.0,34.375
201,Sudowoodo,70,100,115,30,65,30,2,False,Rock,410,123,30.0,24.390243902439025
202,Politoed,90,75,75,90,100,70,2,False,Water,500,119,65.0,54.621848739495796
203,Hoppip,35,35,40,35,55,50,2,False,"Grass, Flying",250,119,48.0,40.33613445378151
204,Skiploom,55,45,50,45,65,80,2,False,"Grass, Flying",340,119,66.0,55.46218487394958
205,Jumpluff,75,55,70,55,95,110,2,False,"Grass, Flying, Flying",460,135,114.0,84.44444444444444
206,Aipom,55,70,55,40,55,85,2,False,Normal,360,123,87.0,70.73170731707317
207,Sunkern,30,30,30,30,30,30,2,False,Grass,180,111,14.0,12.612612612612612
208,Sunflora,75,75,55,105,85,30,2,False,Grass,425,142,23.0,16.19718309859155
209,Yanma,65,65,45,75,45,95,2,False,"Bug, Flying",390,125,90.0,72.0
210,Wooper,55,45,45,25,25,15,2,False,"Water, Ground",210,125,6.0,4.8
211,Quagsire,95,85,85,65,65,35,2,False,"Water, Ground",430,140,36.0,25.71428571428571
212,Espeon,65,65,60,130,95,110,2,False,Psychic,525,142,117.0,82.3943661971831
213,Umbreon,95,65,110,60,130,65,2,False,Dark,525,127,67.0,52.75590551181102
214,Murkrow,60,85,42,85,42,91,2,False,"Dark, Flying",405,158,130.0,82.27848101265823
215,Slowking,95,75,80,100,110,30,2,False,"Water, Psychic",490,132,32.0,24.242424242424242
216,Misdreavus,60,60,60,85,85,85,2,False,Ghost,435,133,84.0,63.1578947368421
217,Unown,48,72,48,72,48,48,2,False,Psychic,336,127,33.0,25.984251968503933
218,Wobbuffet,190,33,58,33,58,33,2,False,Psychic,405,134,18.0,13.432835820895523
219,Girafarig,70,80,65,90,65,85,2,False,"Normal, Psychic",455,128,74.0,57.8125
220,Pineco,50,65,90,35,35,15,2,False,Bug,290,109,16.0,14.678899082568808
221,Forretress,75,90,140,60,60,40,2,False,"Bug, Steel",465,123,37.0,30.081300813008134
222,Dunsparce,100,70,70,65,65,45,2,False,Normal,415,137,26.0,18.97810218978102
223,Gligar,65,75,105,35,65,85,2,False,"Ground, Flying",430,134,93.0,69.40298507462687
224,Steelix,75,85,200,55,65,30,2,False,"Steel, Ground",510,149,25.0,16.778523489932887
225,Mega Steelix,75,125,230,55,95,30,2,False,"Steel, Ground",610,145,50.0,34.48275862068966
226,Snubbull,60,80,50,40,40,30,2,False,Fairy,300,137,21.0,15.328467153284672
227,Granbull,90,120,75,60,60,45,2,False,Fairy,450,119,35.0,29.411764705882355
228,Qwilfish,65,95,75,55,55,85,2,False,"Water, Poison",430,150,104.0,69.33333333333334
229,Scizor,70,130,100,55,80,65,2,False,"Bug, Steel",500,125,76.0,60.8
230,Mega Scizor,70,150,140,65,100,75,2,False,"Bug, Steel",600,140,77.0,55.00000000000001
231,Shuckle,20,10,230,10,230,5,2,False,"Bug, Rock",505,135,0.0,0.0
232,Heracross,80,125,75,40,95,85,2,False,"Bug, Fighting",500,136,94.0,69.11764705882352
233,Mega Heracross,80,185,115,40,105,75,2,False,"Bug, Fighting",600,130,81.0,62.30769230769231
234,Sneasel,55,95,55,35,75,115,2,False,"Dark, Ice",430,113,106.0,93.80530973451327
235,Teddiursa,60,80,50,50,50,40,2,False,Normal,330,109,26.0,23.853211009174313
237,Slugma,40,40,40,70,40,20,2,False,Fire,250,123,4.0,3.2520325203252036
238,Magcargo,50,50,120,80,80,30,2,False,"Fire, Rock",410,124,9.0,7.258064516129033
239,Swinub,50,50,40,30,30,50,2,False,"Ice, Ground",250,133,37.0,27.819548872180448
240,Piloswine,100,100,80,60,60,50,2,False,"Ice, Ground",450,118,36.0,30.508474576271187
241,Corsola,55,55,85,65,85,35,2,False,"Water, Rock",380,139,28.0,20.14388489208633
242,Remoraid,35,65,35,65,35,65,2,False,Water,300,148,69.0,46.62162162162162
243,Octillery,75,105,75,105,75,45,2,False,Water,480,113,37.0,32.743362831858406
244,Delibird,45,55,45,65,45,75,2,False,"Ice, Flying",330,130,74.0,56.92307692307692
245,Mantine,65,40,70,80,140,70,2,False,"Water, Flying",465,131,78.0,59.541984732824424
246,Skarmory,65,80,140,40,70,70,2,False,"Steel, Flying",465,134,70.0,52.23880597014925
247,Houndour,45,60,30,80,50,65,2,False,"Dark, Fire",330,126,58.0,46.03174603174603
248,Houndoom,75,90,50,110,80,95,2,False,"Dark, Fire",500,139,111.0,79.85611510791367
249,Mega Houndoom,75,90,90,140,90,115,2,False,"Dark, Fire",600,135,128.0,94.81481481481482
250,Kingdra,75,95,95,95,95,85,2,False,"Water, Dragon",540,136,88.0,64.70588235294117
251,Phanpy,90,60,60,40,40,40,2,False,Ground,330,132,39.0,29.545454545454547
252,Donphan,90,120,120,60,60,50,2,False,Ground,500,136,48.0,35.294117647058826
253,Porygon2,85,80,90,105,95,60,2,False,Normal,515,108,53.0,49.074074074074076
254,Stantler,73,95,62,85,65,85,2,False,Normal,465,135,90.0,66.66666666666666
255,Smeargle,55,20,35,20,45,75,2,False,Normal,250,138,52.0,37.68115942028986
256,Tyrogue,35,35,35,35,35,35,2,False,Fighting,210,127,17.0,13.385826771653544
257,Hitmontop,50,95,95,35,110,70,2,False,Fighting,455,139,72.0,51.798561151079134
258,Smoochum,45,30,15,85,65,65,2,False,"Ice, Psychic",305,127,46.0,36.22047244094488
259,Elekid,45,63,37,65,55,95,2,False,Electric,360,144,116.0,80.55555555555556
260,Magby,45,75,37,70,55,83,2,False,Fire,365,131,81.0,61.832061068702295
261,Miltank,95,80,105,40,70,100,2,False,Normal,490,128,103.0,80.46875
262,Blissey,255,10,10,75,135,55,2,False,Normal,540,128,40.0,31.25
263,Raikou,90,85,75,115,100,115,2,True,Electric,580,97,91.0,93.81443298969072
264,Entei,115,115,85,90,75,100,2,True,Fire,580,134,109.0,81.34328358208955
265,Suicune,100,75,115,90,115,85,2,True,Water,580,121,78.0,64.46280991735537
266,Larvitar,50,64,50,45,50,41,2,False,"Rock, Ground",300,110,25.0,22.727272727272727
267,Pupitar,70,84,70,65,70,51,2,False,"Rock, Ground",410,139,41.0,29.496402877697843
268,Tyranitar,100,134,110,95,100,61,2,False,"Rock, Dark",600,138,56.0,40.57971014492754
269,Mega Tyranitar,100,164,150,95,120,71,2,False,"Rock, Dark",700,124,70.0,56.451612903225815
270,Lugia,106,90,130,90,154,110,2,True,"Psychic, Flying",680,123,107.0,86.99186991869918
271,Ho-oh,106,130,90,110,154,90,2,True,"Fire, Flying",680,107,77.0,71.96261682242991
272,Celebi,100,100,100,100,100,100,2,False,"Psychic, Grass",600,133,111.0,83.45864661654136
273,Treecko,40,45,35,65,55,70,3,False,Grass,310,116,52.0,44.827586206896555
274,Grovyle,50,65,45,85,65,95,3,False,Grass,405,105,76.0,72.38095238095238
275,Sceptile,70,85,65,105,85,120,3,False,Grass,530,122,113.0,92.62295081967213
276,Mega Sceptile,70,110,75,145,85,145,3,False,"Grass, Dragon",630,126,119.0,94.44444444444444
277,Torchic,45,60,40,70,50,45,3,False,Fire,310,137,39.0,28.467153284671532
278,Combusken,60,85,60,85,60,55,3,False,"Fire, Fighting",405,147,54.0,36.734693877551024
279,Blaziken,80,120,70,110,70,80,3,False,"Fire, Fighting",530,123,79.0,64.22764227642277
280,Mega Blaziken,80,160,80,130,80,100,3,False,"Fire, Fighting",630,123,104.0,84.5528455284553
281,Mudkip,50,70,50,50,50,40,3,False,Water,310,135,22.0,16.296296296296298
282,Marshtomp,70,85,70,60,70,50,3,False,"Water, Ground",405,148,42.0,28.37837837837838
283,Swampert,100,110,90,85,90,60,3,False,"Water, Fighting, Ground",535,136,65.0,47.794117647058826
284,Mega Swampert,100,150,110,95,110,70,3,False,"Water, Ground",635,130,77.0,59.23076923076923
285,Poochyena,35,55,35,30,30,35,3,False,Dark,220,114,27.0,23.684210526315788
286,Mightyena,70,90,70,60,60,70,3,False,Dark,420,133,85.0,63.90977443609023
287,Zigzagoon,38,30,41,30,41,60,3,False,Normal,240,107,31.0,28.971962616822427
288,Linoone,78,70,61,50,61,100,3,False,Normal,420,124,101.0,81.45161290322581
289,Wurmple,45,45,35,20,30,20,3,False,Bug,195,138,10.0,7.246376811594203
290,Silcoon,50,35,55,25,25,15,3,False,Bug,205,138,3.0,2.1739130434782608
291,Beautifly,60,70,50,100,50,65,3,False,"Bug, Flying",395,138,72.0,52.17391304347826
292,Cascoon,50,35,55,25,25,15,3,False,Bug,205,133,7.0,5.263157894736842
293,Dustox,60,50,70,50,90,65,3,False,"Bug, Poison",385,139,55.0,39.568345323741006
294,Lotad,40,30,30,40,50,30,3,False,"Water, Grass",220,126,10.0,7.936507936507936
295,Lombre,60,50,50,60,70,50,3,False,"Water, Grass",340,127,36.0,28.346456692913385
296,Ludicolo,80,70,70,90,100,70,3,False,"Water, Grass",480,123,69.0,56.09756097560976
297,Seedot,40,40,50,30,30,30,3,False,Grass,220,126,11.0,8.73015873015873
298,Nuzleaf,70,70,40,60,40,60,3,False,"Grass, Dark",340,113,48.0,42.47787610619469
299,Shiftry,90,100,60,90,60,80,3,False,"Grass, Dark",480,123,79.0,64.22764227642277
300,Taillow,40,55,30,30,30,85,3,False,"Normal, Flying",270,125,86.0,68.8
301,Swellow,60,85,60,50,50,125,3,False,"Normal, Flying",430,121,110.0,90.9090909090909
302,Wingull,40,30,30,55,30,85,3,False,"Water, Flying",270,120,56.0,46.666666666666664
303,Pelipper,60,50,100,85,70,65,3,False,"Water, Flying",430,124,59.0,47.58064516129033
304,Ralts,28,25,25,45,35,40,3,False,"Psychic, Fairy",198,143,23.0,16.083916083916083
305,Kirlia,38,35,35,65,55,50,3,False,"Psychic, Fairy",278,136,36.0,26.47058823529412
306,Gardevoir,68,65,65,125,115,80,3,False,"Psychic, Fairy",518,130,84.0,64.61538461538461
307,Mega Gardevoir,68,85,65,165,135,100,3,False,"Psychic, Fairy",618,120,97.0,80.83333333333333
308,Surskit,40,30,32,50,52,65,3,False,"Bug, Water",269,128,47.0,36.71875
309,Masquerain,70,60,62,80,82,60,3,False,"Bug, Flying",414,144,63.0,43.75
310,Shroomish,60,40,60,40,60,35,3,False,Grass,295,144,26.0,18.055555555555554
311,Breloom,60,130,80,60,60,70,3,False,"Grass, Fighting",460,130,67.0,51.53846153846153
312,Slakoth,60,60,60,35,35,30,3,False,Normal,280,134,15.0,11.194029850746269
313,Vigoroth,80,80,80,55,55,90,3,False,Normal,440,134,86.0,64.17910447761194
315,Nincada,31,45,90,30,30,40,3,False,"Bug, Ground",266,114,25.0,21.929824561403507
316,Ninjask,61,90,45,50,50,160,3,False,"Bug, Flying",456,117,108.0,92.3076923076923
317,Shedinja,1,90,45,30,30,40,3,False,"Bug, Ghost",236,124,41.0,33.064516129032256
319,Loudred,84,71,43,71,43,48,3,False,Normal,360,143,37.0,25.874125874125873
320,Exploud,104,91,63,91,73,68,3,False,Normal,490,127,65.0,51.181102362204726
321,Makuhita,72,60,30,20,30,25,3,False,Fighting,237,121,14.0,11.570247933884298
323,Azurill,50,20,40,20,40,20,3,False,"Normal, Fairy",190,135,13.0,9.62962962962963
324,Nosepass,30,45,135,45,90,30,3,False,Rock,375,140,13.0,9.285714285714286
325,Skitty,50,45,45,35,35,50,3,False,Normal,260,136,32.0,23.52941176470588
326,Delcatty,70,65,65,55,55,70,3,False,Normal,380,116,58.0,50.0
327,Sableye,50,75,75,65,65,50,3,False,"Dark, Ghost",380,121,49.0,40.49586776859504
328,Mega Sableye,50,85,125,85,115,20,3,False,"Dark, Ghost",480,137,59.0,43.06569343065693
329,Mawile,50,85,85,55,55,50,3,False,"Steel, Fairy",380,123,48.0,39.02439024390244
330,Mega Mawile,50,105,125,55,95,50,3,False,"Steel, Fairy",480,141,53.0,37.5886524822695
331,Aron,50,70,100,40,40,30,3,False,"Steel, Rock",330,126,28.0,22.22222222222222
332,Lairon,60,90,140,50,50,40,3,False,"Steel, Rock",430,142,36.0,25.352112676056336
333,Aggron,70,110,180,60,60,50,3,False,"Steel, Rock",530,153,63.0,41.17647058823529
334,Mega Aggron,70,140,230,60,80,50,3,False,Steel,630,148,48.0,32.432432432432435
318,Whismur,64,51,23,51,23,28,3,False,Normal,240,132,15.0,11.363636363636363
335,Meditite,30,40,55,40,55,60,3,False,"Fighting, Psychic",280,139,45.0,32.37410071942446
336,Medicham,60,60,75,60,75,80,3,False,"Fighting, Psychic",410,112,82.0,73.21428571428571
337,Mega Medicham,60,100,85,80,85,100,3,False,"Fighting, Psychic",510,127,89.0,70.07874015748031
338,Electrike,40,45,40,65,40,65,3,False,Electric,295,136,77.0,56.61764705882353
339,Manectric,70,75,60,105,60,105,3,False,Electric,475,125,110.0,88.0
340,Mega Manectric,70,75,80,135,80,135,3,False,Electric,575,134,123.0,91.7910447761194
341,Plusle,60,50,40,85,75,95,3,False,Electric,405,122,92.0,75.40983606557377
342,Minun,60,40,50,75,85,95,3,False,Electric,405,134,81.0,60.447761194029844
343,Volbeat,65,73,55,47,75,85,3,False,Bug,400,111,76.0,68.46846846846847
344,Illumise,65,47,55,73,75,85,3,False,Bug,400,160,104.0,65.0
345,Roselia,50,60,45,100,80,65,3,False,"Grass, Poison",400,116,53.0,45.689655172413794
346,Gulpin,70,43,53,43,53,40,3,False,Poison,302,110,21.0,19.090909090909093
347,Swalot,100,73,83,73,83,55,3,False,Poison,467,121,45.0,37.1900826446281
348,Carvanha,45,90,20,65,20,65,3,False,"Water, Dark",305,129,66.0,51.162790697674424
349,Sharpedo,70,120,40,95,40,95,3,False,"Water, Dark",460,132,107.0,81.06060606060606
350,Mega Sharpedo,70,140,70,110,65,105,3,False,"Water, Dark",560,120,114.0,95.0
351,Wailmer,130,70,35,70,35,60,3,False,Water,400,112,45.0,40.17857142857143
352,Wailord,170,90,45,90,45,60,3,False,Water,500,138,59.0,42.7536231884058
353,Numel,60,60,40,65,45,35,3,False,"Fire, Ground",305,120,19.0,15.833333333333332
354,Camerupt,70,100,70,105,75,40,3,False,"Fire, Ground",460,112,26.0,23.214285714285715
355,Mega Camerupt,70,120,100,145,105,20,3,False,"Fire, Ground",560,131,37.0,28.24427480916031
356,Torkoal,70,85,140,85,70,20,3,False,Fire,470,125,34.0,27.200000000000003
357,Spoink,60,25,35,70,80,60,3,False,Psychic,330,117,36.0,30.76923076923077
358,Grumpig,80,45,65,90,110,80,3,False,Psychic,470,108,59.0,54.629629629629626
359,Spinda,60,60,60,60,60,60,3,False,Normal,360,126,48.0,38.095238095238095
360,Trapinch,45,100,45,45,45,10,3,False,Ground,290,139,41.0,29.496402877697843
361,Vibrava,50,70,50,50,50,70,3,False,"Ground, Dragon",340,124,70.0,56.451612903225815
362,Flygon,80,100,80,80,80,100,3,False,"Ground, Dragon",520,116,105.0,90.51724137931035
363,Cacnea,50,85,40,85,40,35,3,False,Grass,335,126,22.0,17.46031746031746
364,Cacturne,70,115,60,115,60,55,3,False,"Grass, Dark",475,142,66.0,46.478873239436616
365,Swablu,45,40,60,40,75,50,3,False,"Normal, Flying",310,123,36.0,29.268292682926827
366,Altaria,75,70,90,70,105,80,3,False,"Dragon, Flying",490,125,82.0,65.60000000000001
367,Mega Altaria,75,110,110,110,105,80,3,False,"Dragon, Fairy",590,137,90.0,65.69343065693431
368,Zangoose,73,115,60,60,60,90,3,False,Normal,458,118,79.0,66.94915254237289
369,Seviper,73,100,60,100,60,65,3,False,Poison,458,143,61.0,42.65734265734265
370,Lunatone,70,55,65,95,85,70,3,False,"Rock, Psychic",440,130,69.0,53.07692307692308
371,Solrock,70,95,85,55,65,70,3,False,"Rock, Psychic",440,108,54.0,50.0
372,Barboach,50,48,43,46,41,60,3,False,"Water, Ground",288,148,70.0,47.2972972972973
373,Whiscash,110,78,73,76,71,60,3,False,"Water, Ground",468,123,41.0,33.33333333333333
374,Corphish,43,80,65,50,35,35,3,False,Water,308,155,22.0,14.193548387096774
375,Crawdaunt,63,120,85,90,55,55,3,False,"Water, Dark",468,121,34.0,28.09917355371901
376,Baltoy,40,40,55,40,70,55,3,False,"Ground, Psychic",300,149,61.0,40.939597315436245
377,Claydol,60,70,105,70,120,75,3,False,"Ground, Psychic",500,122,73.0,59.83606557377049
378,Lileep,66,41,77,61,87,23,3,False,"Rock, Grass",355,124,15.0,12.096774193548388
379,Cradily,86,81,97,81,107,43,3,False,"Rock, Grass",495,128,26.0,20.3125
380,Anorith,45,95,50,40,50,75,3,False,"Rock, Bug",355,150,81.0,54.0
381,Armaldo,75,125,100,70,80,45,3,False,"Rock, Bug",495,112,37.0,33.035714285714285
382,Feebas,20,15,20,10,55,80,3,False,Water,200,123,33.0,26.82926829268293
383,Milotic,95,60,79,100,125,81,3,False,Water,540,129,80.0,62.01550387596899
384,Castform,70,70,70,70,70,70,3,False,Normal,420,121,64.0,52.892561983471076
385,Kecleon,60,90,70,60,120,40,3,False,Normal,440,124,34.0,27.419354838709676
386,Shuppet,44,75,35,63,33,45,3,False,Ghost,295,136,36.0,26.47058823529412
387,Banette,64,115,65,83,63,65,3,False,Ghost,455,139,74.0,53.23741007194245
388,Mega Banette,64,165,75,93,83,75,3,False,Ghost,555,126,83.0,65.87301587301587
389,Duskull,20,40,90,30,90,25,3,False,Ghost,295,132,15.0,11.363636363636363
390,Dusclops,40,70,130,60,130,25,3,False,Ghost,455,121,21.0,17.355371900826448
391,Tropius,99,68,83,72,87,51,3,False,"Grass, Flying",460,134,56.0,41.7910447761194
392,Chimecho,65,50,70,95,80,65,3,False,Psychic,425,122,52.0,42.62295081967213
393,Absol,65,130,60,75,60,75,3,False,Dark,465,129,89.0,68.9922480620155
394,Mega Absol,65,150,60,115,60,115,3,False,Dark,565,139,130.0,93.5251798561151
395,Wynaut,95,23,48,23,48,23,3,False,Psychic,260,130,6.0,4.615384615384616
396,Snorunt,50,50,50,50,50,50,3,False,Ice,300,127,39.0,30.708661417322837
397,Glalie,80,80,80,80,80,80,3,False,Ice,480,133,80.0,60.150375939849624
398,Mega Glalie,80,120,80,120,80,100,3,False,Ice,580,92,78.0,84.78260869565217
399,Spheal,70,40,50,55,50,25,3,False,"Ice, Water",290,131,8.0,6.106870229007633
400,Sealeo,90,60,70,75,70,45,3,False,"Ice, Water",410,134,32.0,23.88059701492537
401,Walrein,110,80,90,95,90,65,3,False,"Ice, Water",530,149,75.0,50.33557046979866
402,Clamperl,35,64,85,74,55,32,3,False,Water,345,116,23.0,19.82758620689655
403,Huntail,55,104,105,94,75,52,3,False,Water,485,132,48.0,36.36363636363637
404,Gorebyss,55,84,105,114,75,52,3,False,Water,485,128,37.0,28.90625
405,Relicanth,100,90,130,45,65,55,3,False,"Water, Rock",485,134,57.0,42.53731343283582
406,Luvdisc,43,30,55,40,65,97,3,False,Water,330,131,79.0,60.30534351145038
407,Bagon,45,75,60,40,30,50,3,False,Dragon,300,125,38.0,30.4
408,Shelgon,65,95,100,60,50,50,3,False,Dragon,420,123,43.0,34.959349593495936
409,Salamence,95,135,80,110,80,100,3,False,"Dragon, Flying",600,137,113.0,82.48175182481752
410,Mega Salamence,95,145,130,120,90,120,3,False,"Dragon, Flying",700,133,125.0,93.98496240601504
411,Beldum,40,55,80,35,60,30,3,False,"Steel, Psychic",300,133,20.0,15.037593984962406
412,Metang,60,75,100,55,80,50,3,False,"Steel, Psychic",420,136,42.0,30.88235294117647
413,Metagross,80,135,130,95,90,70,3,False,"Steel, Psychic",600,110,57.0,51.81818181818182
414,Mega Metagross,80,145,150,105,110,110,3,False,"Steel, Psychic",700,130,113.0,86.92307692307692
415,Regirock,80,100,200,50,100,50,3,True,Rock,580,144,50.0,34.72222222222222
416,Regice,80,50,100,100,200,50,3,True,Ice,580,140,33.0,23.57142857142857
417,Registeel,80,75,150,75,150,50,3,True,Steel,580,113,35.0,30.973451327433626
418,Latias,80,80,90,110,130,110,3,True,"Dragon, Psychic",600,133,116.0,87.21804511278195
420,Latios,80,90,80,130,110,110,3,True,"Dragon, Psychic",600,125,107.0,85.6
421,Mega Latios,80,130,100,160,120,110,3,True,"Dragon, Psychic",700,108,97.0,89.81481481481481
422,Kyogre,100,100,90,150,140,90,3,True,Water,670,128,92.0,71.875
423,Primal Kyogre,100,150,90,180,160,90,3,True,Water,770,132,97.0,73.48484848484848
424,Groudon,100,150,140,100,90,90,3,True,Ground,670,133,106.0,79.69924812030075
425,Primal Groudon,100,180,160,150,90,90,3,True,"Ground, Fire",770,121,91.0,75.20661157024794
426,Rayquaza,105,150,90,150,90,95,3,True,"Dragon, Flying",680,140,116.0,82.85714285714286
427,Mega Rayquaza,105,180,100,180,100,115,3,True,"Dragon, Flying",780,134,127.0,94.77611940298507
428,Jirachi,100,100,100,100,100,100,3,True,"Steel, Psychic",600,153,134.0,87.58169934640523
429,Deoxys Normal Forme,50,150,50,150,50,150,3,True,Psychic,600,106,99.0,93.39622641509435
430,DeoxysAttack Forme,50,180,20,180,20,150,3,True,Psychic,600,134,121.0,90.29850746268657
431,Deoxys Defense Forme,50,70,160,70,160,90,3,True,Psychic,600,151,112.0,74.17218543046357
432,Deoxys Speed Forme,50,95,90,95,90,180,3,True,Psychic,600,145,133.0,91.72413793103448
433,Turtwig,55,68,64,45,55,31,4,False,Grass,318,120,14.0,11.666666666666666
434,Grotle,75,89,85,55,65,36,4,False,Grass,405,132,39.0,29.545454545454547
435,Torterra,95,109,105,75,85,56,4,False,"Grass, Ground",525,113,39.0,34.51327433628318
436,Chimchar,44,58,44,58,44,61,4,False,Fire,309,112,47.0,41.964285714285715
437,Monferno,64,78,52,78,52,81,4,False,"Fire, Fighting",405,123,79.0,64.22764227642277
438,Infernape,76,104,71,104,71,108,4,False,"Fire, Fighting",534,149,136.0,91.2751677852349
439,Piplup,53,51,53,61,56,40,4,False,Water,314,140,20.0,14.285714285714285
440,Prinplup,64,66,68,81,76,50,4,False,Water,405,131,33.0,25.190839694656486
441,Empoleon,84,86,88,111,101,60,4,False,"Water, Steel",530,123,57.0,46.34146341463415
442,Starly,40,55,30,30,30,60,4,False,"Normal, Flying",245,124,54.0,43.54838709677419
443,Staravia,55,75,50,40,40,80,4,False,"Normal, Flying",340,119,75.0,63.02521008403361
444,Staraptor,85,120,70,50,60,100,4,False,"Normal, Flying",485,136,113.0,83.08823529411765
445,Bidoof,59,45,40,35,40,31,4,False,Normal,250,133,19.0,14.285714285714285
446,Bibarel,79,85,60,55,60,71,4,False,"Normal, Water",410,139,84.0,60.431654676258994
447,Kricketot,37,25,41,25,41,25,4,False,Bug,194,124,11.0,8.870967741935484
448,Kricketune,77,85,51,55,51,65,4,False,Bug,384,122,63.0,51.63934426229508
449,Shinx,45,65,34,40,34,45,4,False,Electric,263,139,36.0,25.899280575539567
450,Luxio,60,85,49,60,49,60,4,False,Electric,363,126,56.0,44.44444444444444
451,Luxray,80,120,79,95,79,70,4,False,Electric,523,132,77.0,58.333333333333336
452,Budew,40,30,35,50,70,55,4,False,"Grass, Poison",280,117,33.0,28.205128205128204
453,Roserade,60,70,65,125,105,90,4,False,"Grass, Poison",515,136,94.0,69.11764705882352
454,Cranidos,67,125,40,30,30,58,4,False,Rock,350,102,35.0,34.31372549019608
455,Rampardos,97,165,60,65,50,58,4,False,Rock,495,123,48.0,39.02439024390244
456,Shieldon,30,42,118,42,88,30,4,False,"Rock, Steel",350,125,14.0,11.200000000000001
457,Bastiodon,60,52,168,47,138,30,4,False,"Rock, Steel",495,121,24.0,19.834710743801654
458,Burmy,40,29,45,29,45,36,4,False,Bug,224,123,18.0,14.634146341463413
459,Wormadam Plant Cloak,60,59,85,79,105,36,4,False,"Bug, Grass",424,126,21.0,16.666666666666664
460,Wormadam Sandy Cloak,60,79,105,59,85,36,4,False,"Bug, Ground",424,129,22.0,17.05426356589147
461,Wormadam Trash Cloak,60,69,95,69,95,36,4,False,"Bug, Steel",424,138,36.0,26.08695652173913
462,Mothim,70,94,50,94,50,66,4,False,"Bug, Flying",424,135,65.0,48.148148148148145
463,Combee,30,30,42,30,42,70,4,False,"Bug, Flying",244,130,55.0,42.30769230769231
464,Vespiquen,70,80,102,80,102,40,4,False,"Bug, Flying",474,127,34.0,26.77165354330709
465,Pachirisu,60,45,70,45,90,95,4,False,Electric,405,141,103.0,73.04964539007092
466,Buizel,55,65,35,60,30,85,4,False,Water,330,111,68.0,61.261261261261254
467,Floatzel,85,105,55,85,50,115,4,False,Water,495,124,112.0,90.32258064516128
468,Cherubi,45,35,45,62,53,35,4,False,Grass,275,135,16.0,11.851851851851853
469,Cherrim,70,60,70,87,78,85,4,False,Grass,450,114,71.0,62.28070175438597
470,Shellos,76,48,48,57,62,34,4,False,Water,325,154,18.0,11.688311688311687
471,Gastrodon,111,83,68,92,82,39,4,False,"Water, Ground",475,124,22.0,17.741935483870968
472,Ambipom,75,100,66,60,66,115,4,False,Normal,482,111,102.0,91.8918918918919
473,Drifloon,90,50,34,60,44,70,4,False,"Ghost, Flying",348,113,71.0,62.83185840707964
474,Drifblim,150,80,44,90,54,80,4,False,"Ghost, Flying",498,128,80.0,62.5
475,Buneary,55,66,44,44,56,85,4,False,Normal,350,135,93.0,68.88888888888889
476,Lopunny,65,76,84,54,96,105,4,False,Normal,480,121,109.0,90.08264462809917
477,Mega Lopunny,65,136,94,54,96,135,4,False,"Normal, Fighting",580,129,124.0,96.12403100775194
478,Mismagius,60,60,60,105,105,105,4,False,Ghost,495,125,106.0,84.8
480,Glameow,49,55,42,42,37,85,4,False,Normal,310,117,71.0,60.68376068376068
481,Purugly,71,82,64,64,59,112,4,False,Normal,452,119,111.0,93.27731092436974
482,Chingling,45,30,50,65,50,45,4,False,Psychic,285,123,17.0,13.821138211382115
483,Stunky,63,63,47,41,41,74,4,False,"Poison, Dark",329,125,70.0,56.00000000000001
484,Skuntank,103,93,67,71,61,84,4,False,"Poison, Dark",479,119,85.0,71.42857142857143
485,Bronzor,57,24,86,24,86,23,4,False,"Steel, Psychic",300,110,14.0,12.727272727272727
486,Bronzong,67,89,116,79,116,33,4,False,"Steel, Psychic",500,141,37.0,26.24113475177305
487,Bonsly,50,80,95,10,45,10,4,False,Rock,290,125,29.0,23.200000000000003
488,Mime Jr.,20,25,45,70,90,60,4,False,"Psychic, Fairy",310,120,37.0,30.833333333333336
489,Happiny,100,5,5,15,65,30,4,False,Normal,220,104,8.0,7.6923076923076925
490,Chatot,76,65,45,92,42,91,4,False,"Normal, Flying",411,149,111.0,74.49664429530202
491,Spiritomb,50,92,108,92,108,35,4,False,"Ghost, Dark",485,118,29.0,24.576271186440678
492,Gible,58,70,45,40,45,42,4,False,"Dragon, Ground",300,135,35.0,25.925925925925924
493,Gabite,68,90,65,50,55,82,4,False,"Dragon, Ground",410,133,82.0,61.65413533834586
494,Garchomp,108,130,95,80,85,102,4,False,"Dragon, Ground",600,127,97.0,76.37795275590551
495,Mega Garchomp,108,170,115,120,95,92,4,False,"Dragon, Ground",700,120,85.0,70.83333333333334
496,Munchlax,135,85,40,40,85,5,4,False,Normal,390,118,81.0,68.64406779661016
497,Riolu,40,70,40,35,40,60,4,False,Fighting,285,125,49.0,39.2
498,Lucario,70,110,70,115,70,90,4,False,"Fighting, Steel",525,120,90.0,75.0
499,Mega Lucario,70,145,88,140,70,112,4,False,"Fighting, Steel",625,108,96.0,88.88888888888889
500,Hippopotas,68,72,78,38,42,32,4,False,Ground,330,126,30.0,23.809523809523807
501,Hippowdon,108,112,118,68,72,47,4,False,Ground,525,120,35.0,29.166666666666668
502,Skorupi,40,50,90,30,55,65,4,False,"Poison, Bug",330,141,63.0,44.680851063829785
503,Drapion,70,90,110,60,75,95,4,False,"Poison, Dark",500,120,88.0,73.33333333333333
504,Croagunk,48,61,40,61,40,50,4,False,"Poison, Fighting",300,114,29.0,25.438596491228072
505,Toxicroak,83,106,65,86,65,85,4,False,"Poison, Fighting",490,128,85.0,66.40625
506,Carnivine,74,100,72,90,72,46,4,False,Grass,454,114,28.0,24.561403508771928
507,Finneon,49,49,56,49,61,66,4,False,Water,330,131,68.0,51.908396946564885
508,Lumineon,69,69,76,69,86,91,4,False,Water,460,119,78.0,65.54621848739495
509,Mantyke,45,20,50,60,120,50,4,False,"Water, Flying",345,108,26.0,24.074074074074073
510,Snover,60,62,50,62,60,40,4,False,"Grass, Ice",334,121,22.0,18.181818181818183
511,Abomasnow,90,92,75,92,85,60,4,False,"Grass, Ice",494,121,60.0,49.586776859504134
512,Mega Abomasnow,90,132,105,132,105,30,4,False,"Grass, Ice",594,146,62.0,42.465753424657535
513,Weavile,70,120,65,45,85,125,4,False,"Dark, Ice",510,119,116.0,97.47899159663865
514,Magnezone,70,70,115,130,90,60,4,False,"Electric, Steel",535,118,63.0,53.38983050847458
515,Lickilicky,110,85,95,80,95,50,4,False,Normal,515,129,35.0,27.131782945736433
516,Rhyperior,115,140,130,55,55,40,4,False,"Ground, Rock",535,104,47.0,45.19230769230769
517,Tangrowth,100,100,125,110,50,50,4,False,Grass,535,125,48.0,38.4
518,Electivire,75,123,67,95,85,95,4,False,Electric,540,123,94.0,76.42276422764228
519,Magmortar,75,95,67,125,95,83,4,False,Fire,540,111,79.0,71.17117117117117
520,Togekiss,85,50,95,120,115,80,4,False,"Fairy, Flying",545,126,73.0,57.936507936507944
521,Yanmega,86,76,86,116,56,95,4,False,"Bug, Flying",515,114,91.0,79.82456140350878
522,Leafeon,65,110,130,60,65,95,4,False,Grass,525,151,125.0,82.78145695364239
523,Glaceon,65,60,110,130,95,65,4,False,Ice,525,134,64.0,47.76119402985074
524,Gliscor,75,95,125,45,75,95,4,False,"Ground, Flying",510,132,109.0,82.57575757575758
525,Mamoswine,110,130,80,70,60,80,4,False,"Ice, Ground",530,116,68.0,58.620689655172406
526,Porygon-Z,85,80,70,135,75,90,4,False,Normal,535,147,103.0,70.06802721088435
527,Gallade,68,125,65,65,115,80,4,False,"Psychic, Fighting",518,137,86.0,62.77372262773723
528,Mega Gallade,68,165,95,65,115,110,4,False,"Psychic, Fighting",618,130,112.0,86.15384615384616
529,Probopass,60,55,145,75,150,40,4,False,"Rock, Steel",525,130,26.0,20.0
530,Dusknoir,45,100,135,65,135,45,4,False,Ghost,525,136,40.0,29.411764705882355
531,Froslass,70,80,70,80,70,110,4,False,"Ice, Ghost",480,138,91.0,65.94202898550725
532,Rotom,50,50,77,95,77,91,4,False,"Electric, Ghost",440,120,71.0,59.166666666666664
533,Heat Rotom,50,65,107,105,107,86,4,False,"Electric, Fire",520,113,79.0,69.91150442477876
534,Wash Rotom,50,65,107,105,107,86,4,False,"Electric, Water",520,116,90.0,77.58620689655173
535,Frost Rotom,50,65,107,105,107,86,4,False,"Electric, Ice",520,128,90.0,70.3125
536,Fan Rotom,50,65,107,105,107,86,4,False,"Electric, Flying",520,121,88.0,72.72727272727273
537,Mow Rotom,50,65,107,105,107,86,4,False,"Electric, Grass",520,134,98.0,73.13432835820896
538,Uxie,75,75,130,75,130,95,4,True,Psychic,580,123,92.0,74.79674796747967
539,Mesprit,80,105,105,105,105,80,4,True,Psychic,580,133,79.0,59.3984962406015
540,Azelf,75,125,70,125,70,115,4,True,Psychic,580,135,122.0,90.37037037037037
541,Dialga,100,120,120,150,100,90,4,True,"Steel, Dragon",680,151,119.0,78.80794701986756
542,Palkia,90,120,100,150,120,100,4,True,"Water, Dragon",680,149,115.0,77.18120805369128
543,Heatran,91,90,106,130,106,77,4,True,"Fire, Steel",600,131,85.0,64.8854961832061
544,Regigigas,110,160,110,80,110,100,4,True,Normal,670,142,122.0,85.91549295774648
545,Giratina Altered Forme,150,100,120,100,120,90,4,True,"Ghost, Dragon",680,111,74.0,66.66666666666666
546,Giratina Origin Forme,150,120,100,120,100,90,4,True,"Ghost, Dragon",680,134,89.0,66.4179104477612
547,Cresselia,120,70,120,75,130,85,4,False,Psychic,600,118,79.0,66.94915254237289
548,Phione,80,80,80,80,80,80,4,False,Water,480,132,74.0,56.060606060606055
549,Manaphy,100,100,100,100,100,100,4,False,Water,600,134,118.0,88.05970149253731
550,Darkrai,70,90,90,135,90,125,4,True,Dark,600,117,110.0,94.01709401709401
551,Shaymin Land Forme,100,100,100,100,100,100,4,True,Grass,600,136,117.0,86.02941176470588
552,Shaymin Sky Forme,100,103,75,120,75,127,4,True,"Grass, Flying",600,118,111.0,94.0677966101695
553,Arceus,120,120,120,120,120,120,4,True,Normal,720,122,114.0,93.44262295081968
554,Victini,100,100,100,100,100,100,5,True,"Psychic, Fire",600,131,115.0,87.78625954198473
555,Snivy,45,45,55,45,55,63,5,False,Grass,308,111,51.0,45.94594594594595
557,Serperior,75,75,95,75,95,113,5,False,Grass,528,132,119.0,90.15151515151516
558,Tepig,65,63,45,45,45,45,5,False,Fire,308,131,34.0,25.954198473282442
559,Pignite,90,93,55,70,55,55,5,False,"Fire, Fighting",418,144,55.0,38.19444444444444
560,Emboar,110,123,65,100,65,65,5,False,"Fire, Fighting",528,138,72.0,52.17391304347826
561,Oshawott,55,55,45,63,45,45,5,False,Water,308,124,31.0,25.0
562,Dewott,75,75,60,83,60,60,5,False,Water,413,122,48.0,39.34426229508197
563,Samurott,95,100,85,108,70,70,5,False,Water,528,115,65.0,56.52173913043478
564,Patrat,45,55,39,35,39,42,5,False,Normal,255,135,25.0,18.51851851851852
565,Watchog,60,85,69,60,69,77,5,False,Normal,420,133,69.0,51.8796992481203
566,Lillipup,45,60,45,25,45,55,5,False,Normal,275,100,29.0,28.999999999999996
567,Herdier,65,80,65,35,65,60,5,False,Normal,370,138,53.0,38.405797101449274
568,Stoutland,85,110,90,45,90,80,5,False,Normal,500,116,72.0,62.06896551724138
569,Purrloin,41,50,37,50,37,66,5,False,Dark,281,114,59.0,51.75438596491229
570,Liepard,64,88,50,88,50,106,5,False,Dark,446,135,123.0,91.11111111111111
571,Pansage,50,53,48,53,48,64,5,False,Grass,316,130,53.0,40.76923076923077
572,Simisage,75,98,63,98,63,101,5,False,Grass,498,131,106.0,80.91603053435115
573,Pansear,50,53,48,53,48,64,5,False,Fire,316,130,60.0,46.15384615384615
574,Simisear,75,98,63,98,63,101,5,False,Fire,498,127,113.0,88.9763779527559
575,Panpour,50,53,48,53,48,64,5,False,Water,316,117,42.0,35.8974358974359
576,Simipour,75,98,63,98,63,101,5,False,Water,498,133,113.0,84.9624060150376
577,Munna,76,25,45,67,55,24,5,False,Psychic,292,128,5.0,3.90625
578,Musharna,116,55,85,107,95,29,5,False,Psychic,487,132,9.0,6.8181818181818175
579,Pidove,50,55,50,36,30,43,5,False,"Normal, Flying",264,154,45.0,29.22077922077922
580,Tranquill,62,77,62,50,42,65,5,False,"Normal, Flying",358,124,60.0,48.38709677419355
581,Unfezant,80,115,80,65,55,93,5,False,"Normal, Flying",488,130,102.0,78.46153846153847
582,Blitzle,45,60,32,50,32,76,5,False,Electric,295,135,80.0,59.25925925925925
583,Zebstrika,75,100,63,80,63,116,5,False,Electric,497,107,100.0,93.45794392523365
584,Roggenrola,55,75,85,25,25,15,5,False,Rock,280,144,27.0,18.75
585,Boldore,70,105,105,50,40,20,5,False,Rock,390,131,44.0,33.587786259541986
586,Gigalith,85,135,130,60,80,25,5,False,Rock,515,148,60.0,40.54054054054054
587,Woobat,55,45,43,55,43,72,5,False,"Psychic, Flying",313,123,72.0,58.536585365853654
588,Swoobat,67,57,55,77,55,114,5,False,"Psychic, Flying",425,116,103.0,88.79310344827587
589,Drilbur,60,85,40,30,45,68,5,False,Ground,328,109,70.0,64.22018348623854
590,Excadrill,110,135,60,50,65,88,5,False,"Ground, Steel",508,133,103.0,77.44360902255639
591,Audino,103,60,86,60,86,50,5,False,Normal,445,133,46.0,34.58646616541353
592,Mega Audino,103,60,126,80,126,50,5,False,"Normal, Fairy",545,132,48.0,36.36363636363637
593,Timburr,75,80,55,25,35,35,5,False,Fighting,305,150,28.0,18.666666666666668
594,Gurdurr,85,105,85,40,50,40,5,False,Fighting,405,118,25.0,21.1864406779661
595,Conkeldurr,105,140,95,55,65,45,5,False,Fighting,505,130,39.0,30.0
596,Tympole,50,50,40,50,40,64,5,False,Water,294,136,62.0,45.588235294117645
597,Palpitoad,75,65,55,65,55,69,5,False,"Water, Ground",384,124,54.0,43.54838709677419
598,Seismitoad,105,95,75,85,75,74,5,False,"Water, Ground",509,119,68.0,57.14285714285714
599,Throh,120,100,85,30,85,45,5,False,Fighting,465,147,33.0,22.448979591836736
600,Sawk,75,125,75,30,75,85,5,False,Fighting,465,136,85.0,62.5
601,Sewaddle,45,53,70,40,60,42,5,False,"Bug, Grass",310,136,35.0,25.735294117647058
602,Swadloon,55,63,90,50,80,42,5,False,"Bug, Grass",380,123,26.0,21.138211382113823
603,Leavanny,75,103,80,70,80,92,5,False,"Bug, Grass",500,121,96.0,79.33884297520662
604,Venipede,30,45,59,30,39,57,5,False,"Bug, Poison",260,132,37.0,28.030303030303028
605,Whirlipede,40,55,99,40,79,47,5,False,"Bug, Poison",360,99,26.0,26.262626262626267
606,Scolipede,60,100,89,55,69,112,5,False,"Bug, Poison",485,114,106.0,92.98245614035088
607,Cottonee,40,27,60,37,50,66,5,False,"Grass, Fairy",280,127,46.0,36.22047244094488
608,Whimsicott,60,67,85,77,75,116,5,False,"Grass, Fairy",480,117,104.0,88.88888888888889
609,Petilil,45,35,50,70,50,30,5,False,Grass,280,146,23.0,15.753424657534246
610,Lilligant,70,60,75,110,75,90,5,False,Grass,480,127,91.0,71.65354330708661
611,Basculin,70,92,65,80,55,98,5,False,Water,460,110,89.0,80.9090909090909
612,Sandile,50,72,35,35,35,65,5,False,"Ground, Dark",292,134,72.0,53.73134328358209
613,Krokorok,60,82,45,45,45,74,5,False,"Ground, Dark",351,113,65.0,57.52212389380531
614,Krookodile,95,117,80,65,70,92,5,False,"Ground, Dark",519,132,111.0,84.0909090909091
615,Darumaka,70,90,45,15,45,50,5,False,Fire,315,124,45.0,36.29032258064516
616,Darmanitan Standard Mode,105,140,55,30,55,95,5,False,Fire,480,133,109.0,81.95488721804512
617,Darmanitan Zen Mode,105,30,105,140,105,55,5,False,"Fire, Psychic",540,122,43.0,35.24590163934426
619,Dwebble,50,65,85,35,35,55,5,False,"Bug, Rock",325,132,43.0,32.57575757575758
620,Crustle,70,95,125,65,75,45,5,False,"Bug, Rock",475,119,40.0,33.61344537815126
621,Scraggy,50,75,70,35,70,48,5,False,"Dark, Fighting",348,109,32.0,29.357798165137616
622,Scrafty,65,90,115,45,115,58,5,False,"Dark, Fighting",488,121,61.0,50.413223140495866
623,Sigilyph,72,58,80,103,80,97,5,False,"Psychic, Flying",490,152,109.0,71.71052631578947
624,Yamask,38,30,85,55,65,30,5,False,Ghost,303,126,27.0,21.428571428571427
625,Cofagrigus,58,50,145,95,105,30,5,False,Ghost,483,122,30.0,24.59016393442623
626,Tirtouga,54,78,103,53,45,22,5,False,"Water, Rock",355,129,30.0,23.25581395348837
627,Carracosta,74,108,133,83,65,32,5,False,"Water, Rock",495,140,45.0,32.142857142857146
628,Archen,55,112,45,74,45,70,5,False,"Rock, Flying",401,118,66.0,55.932203389830505
629,Archeops,75,140,65,112,65,110,5,False,"Rock, Flying",567,128,117.0,91.40625
630,Trubbish,50,50,62,40,62,65,5,False,Poison,329,117,49.0,41.88034188034188
631,Garbodor,80,95,82,60,82,75,5,False,Poison,474,145,87.0,60.0
633,Zoroark,60,105,60,120,60,105,5,False,Dark,510,113,100.0,88.49557522123894
634,Minccino,55,50,40,40,40,75,5,False,Normal,300,148,88.0,59.45945945945946
635,Cinccino,75,95,60,65,60,115,5,False,Normal,470,131,115.0,87.78625954198473
636,Gothita,45,30,50,55,65,45,5,False,Psychic,290,125,26.0,20.8
637,Gothorita,60,45,70,75,85,55,5,False,Psychic,390,123,37.0,30.081300813008134
638,Gothitelle,70,55,95,95,110,65,5,False,Psychic,490,133,65.0,48.87218045112782
639,Solosis,45,30,40,105,50,20,5,False,Psychic,290,129,4.0,3.10077519379845
640,Duosion,65,40,50,125,60,30,5,False,Psychic,370,124,9.0,7.258064516129033
641,Reuniclus,110,65,75,125,85,30,5,False,Psychic,490,120,18.0,15.0
642,Ducklett,62,44,50,44,50,55,5,False,"Water, Flying",305,124,45.0,36.29032258064516
643,Swanna,75,87,63,87,63,98,5,False,"Water, Flying",473,119,103.0,86.5546218487395
644,Vanillite,36,50,50,65,60,44,5,False,Ice,305,110,18.0,16.363636363636363
645,Vanillish,51,65,65,80,75,59,5,False,Ice,395,126,55.0,43.65079365079365
646,Vanilluxe,71,95,85,110,95,79,5,False,Ice,535,125,83.0,66.4
647,Deerling,60,60,50,40,50,75,5,False,"Normal, Grass",335,119,70.0,58.82352941176471
648,Sawsbuck,80,100,70,60,70,95,5,False,"Normal, Grass",475,120,89.0,74.16666666666667
649,Emolga,55,75,60,75,60,103,5,False,"Electric, Flying",428,114,91.0,79.82456140350878
650,Karrablast,50,75,45,40,45,60,5,False,Bug,315,121,53.0,43.80165289256198
651,Escavalier,70,135,105,60,105,20,5,False,"Bug, Steel",495,124,72.0,58.06451612903226
652,Foongus,69,55,45,55,55,15,5,False,"Grass, Poison",294,120,14.0,11.666666666666666
653,Amoonguss,114,85,70,85,80,30,5,False,"Grass, Poison",464,121,25.0,20.66115702479339
654,Frillish,55,40,50,65,85,40,5,False,"Water, Ghost",335,132,42.0,31.818181818181817
632,Zorua,40,65,40,80,40,65,5,False,Dark,330,131,66.0,50.38167938931297
656,Alomomola,165,75,80,40,45,65,5,False,"Water, Fairy",470,132,68.0,51.515151515151516
657,Joltik,50,47,50,57,50,65,5,False,"Bug, Electric",319,138,64.0,46.3768115942029
658,Galvantula,70,77,60,97,60,108,5,False,"Bug, Electric",472,137,115.0,83.94160583941606
659,Ferroseed,44,50,91,24,86,10,5,False,"Grass, Steel",305,111,22.0,19.81981981981982
660,Ferrothorn,74,94,131,54,116,20,5,False,"Grass, Steel",489,136,61.0,44.85294117647059
661,Klink,40,55,70,45,60,30,5,False,Steel,300,113,12.0,10.619469026548673
662,Klang,60,80,95,70,85,50,5,False,Steel,440,121,27.0,22.31404958677686
663,Klinklang,60,100,115,70,85,90,5,False,Steel,520,131,99.0,75.57251908396947
664,Tynamo,35,55,40,45,40,60,5,False,Electric,275,126,45.0,35.714285714285715
665,Eelektrik,65,85,70,75,70,40,5,False,Electric,405,128,26.0,20.3125
666,Eelektross,85,115,80,105,80,50,5,False,Electric,515,111,34.0,30.630630630630627
667,Elgyem,55,55,55,85,55,30,5,False,Psychic,335,159,21.0,13.20754716981132
668,Beheeyem,75,75,75,125,95,40,5,False,Psychic,485,134,21.0,15.671641791044777
669,Litwick,50,30,55,65,55,20,5,False,"Ghost, Fire",275,117,16.0,13.675213675213676
670,Lampent,60,40,60,95,60,55,5,False,"Ghost, Fire",370,135,57.0,42.22222222222222
671,Chandelure,60,55,90,145,90,80,5,False,"Ghost, Fire",520,112,68.0,60.71428571428571
672,Axew,46,87,60,30,40,57,5,False,Dragon,320,135,51.0,37.77777777777778
673,Fraxure,66,117,70,40,50,67,5,False,Dragon,410,129,59.0,45.73643410852713
674,Haxorus,76,147,90,60,70,97,5,False,Dragon,540,127,105.0,82.67716535433071
675,Cubchoo,55,70,40,60,40,40,5,False,Ice,305,115,31.0,26.956521739130434
676,Beartic,95,110,80,70,80,50,5,False,Ice,485,129,48.0,37.2093023255814
677,Cryogonal,70,50,30,95,135,105,5,False,Ice,485,148,119.0,80.4054054054054
678,Shelmet,50,40,85,40,65,25,5,False,Bug,305,124,11.0,8.870967741935484
679,Accelgor,80,70,40,100,60,145,5,False,Bug,495,128,118.0,92.1875
680,Stunfisk,109,66,84,81,99,32,5,False,"Ground, Electric",471,144,29.0,20.13888888888889
681,Mienfoo,45,85,50,55,50,65,5,False,Fighting,350,130,66.0,50.76923076923077
682,Mienshao,65,125,60,95,60,105,5,False,Fighting,510,131,121.0,92.36641221374046
683,Druddigon,77,120,90,60,90,48,5,False,Dragon,485,140,39.0,27.857142857142858
684,Golett,59,74,50,35,50,35,5,False,"Ground, Ghost",303,128,40.0,31.25
685,Golurk,89,124,80,55,80,55,5,False,"Ground, Ghost",483,126,72.0,57.14285714285714
686,Pawniard,45,85,70,40,40,60,5,False,"Dark, Steel",340,109,57.0,52.293577981651374
687,Bisharp,65,125,100,60,70,70,5,False,"Dark, Steel",490,141,86.0,60.99290780141844
688,Bouffalant,95,110,95,40,95,55,5,False,Normal,490,119,48.0,40.33613445378151
689,Rufflet,70,83,50,37,50,60,5,False,"Normal, Flying",350,122,41.0,33.60655737704918
690,Braviary,100,123,75,57,75,80,5,False,"Normal, Flying",510,156,108.0,69.23076923076923
691,Vullaby,70,55,75,45,65,60,5,False,"Dark, Flying",370,122,56.0,45.90163934426229
692,Mandibuzz,110,65,105,55,95,80,5,False,"Dark, Flying",510,147,92.0,62.585034013605444
693,Heatmor,85,97,66,105,66,65,5,False,Fire,484,121,57.0,47.107438016528924
694,Durant,58,109,112,48,48,109,5,False,"Bug, Steel",484,134,118.0,88.05970149253731
695,Deino,52,65,50,45,50,38,5,False,"Dark, Dragon",300,124,34.0,27.419354838709676
696,Zweilous,72,85,70,65,70,58,5,False,"Dark, Dragon",420,138,57.0,41.30434782608695
697,Hydreigon,92,105,90,125,90,98,5,False,"Dark, Dragon",600,129,106.0,82.17054263565892
698,Larvesta,55,85,55,50,55,60,5,False,"Bug, Fire",360,137,58.0,42.33576642335766
699,Volcarona,85,60,65,135,105,100,5,False,"Bug, Fire",550,137,103.0,75.18248175182481
700,Cobalion,91,90,129,90,72,108,5,True,"Steel, Fighting",580,128,117.0,91.40625
701,Terrakion,91,129,90,72,90,108,5,True,"Rock, Fighting",580,123,105.0,85.36585365853658
702,Virizion,91,90,72,90,129,108,5,True,"Grass, Fighting",580,125,112.0,89.60000000000001
703,Tornadus Incarnate Forme,79,115,70,125,80,111,5,True,Flying,580,111,94.0,84.68468468468468
704,Tornadus Therian Forme,79,100,80,110,90,121,5,True,Flying,580,125,121.0,96.8
705,Thundurus Incarnate Forme,79,115,70,125,80,111,5,True,"Electric, Flying",580,125,108.0,86.4
706,Thundurus Therian Forme,79,105,70,145,80,101,5,True,"Electric, Flying",580,115,99.0,86.08695652173914
707,Reshiram,100,120,100,150,120,90,5,True,"Dragon, Fire",680,125,91.0,72.8
708,Zekrom,100,150,120,120,100,90,5,True,"Dragon, Electric",680,154,100.0,64.93506493506493
709,Landorus Incarnate Forme,89,125,90,115,80,101,5,True,"Ground, Flying",600,102,89.0,87.25490196078431
710,Landorus Therian Forme,89,145,90,105,80,91,5,True,"Ground, Flying",600,131,112.0,85.49618320610686
711,Kyurem,125,130,90,130,90,95,5,True,"Dragon, Ice",660,128,99.0,77.34375
715,Keldeo Resolute Forme,91,72,90,129,90,108,5,False,"Water, Fighting",580,121,108.0,89.25619834710744
716,Meloetta Aria Forme,100,77,77,128,128,90,5,False,"Normal, Psychic",600,142,98.0,69.01408450704226
717,Meloetta Pirouette Forme,100,128,90,77,77,128,5,False,"Normal, Fighting",600,123,118.0,95.9349593495935
718,Genesect,71,120,95,120,95,99,5,False,"Bug, Steel",600,128,105.0,82.03125
719,Chespin,56,61,65,48,45,38,6,False,Grass,313,148,26.0,17.56756756756757
712,Kyurem Black Kyurem,125,170,100,120,90,95,5,True,"Dragon, Ice",700,100,77.0,77.0
713,Kyurem White Kyurem,125,120,90,170,100,95,5,True,"Dragon, Ice",700,128,100.0,78.125
714,Keldeo Ordinary Forme,91,72,90,129,90,108,5,False,"Water, Fighting",580,116,100.0,86.20689655172413
720,Quilladin,61,78,95,56,58,57,6,False,Grass,405,119,48.0,40.33613445378151
721,Chesnaught,88,107,122,74,75,64,6,False,"Grass, Fighting",530,124,57.0,45.96774193548387
722,Fennekin,40,45,40,62,60,60,6,False,Fire,307,121,41.0,33.88429752066116
723,Braixen,59,59,58,90,70,73,6,False,Fire,409,115,67.0,58.26086956521739
724,Delphox,75,69,72,114,100,104,6,False,"Fire, Psychic",534,126,104.0,82.53968253968253
725,Froakie,41,56,40,62,44,71,6,False,Water,314,125,71.0,56.8
726,Frogadier,54,63,52,83,56,97,6,False,Water,405,139,107.0,76.97841726618705
727,Greninja,72,95,67,103,71,122,6,False,"Water, Dark",530,127,122.0,96.06299212598425
728,Bunnelby,38,36,38,32,36,57,6,False,Normal,237,113,44.0,38.93805309734513
729,Diggersby,85,56,77,50,77,78,6,False,"Normal, Ground",423,128,68.0,53.125
730,Fletchling,45,50,43,40,38,62,6,False,"Normal, Flying",278,136,55.0,40.44117647058824
731,Fletchinder,62,73,55,56,52,84,6,False,"Fire, Flying",382,127,92.0,72.44094488188976
732,Talonflame,78,81,71,74,69,126,6,False,"Fire, Flying",499,132,120.0,90.9090909090909
733,Scatterbug,38,35,40,27,25,35,6,False,Bug,200,134,11.0,8.208955223880597
734,Spewpa,45,22,60,27,30,29,6,False,Bug,213,133,10.0,7.518796992481203
735,Vivillon,80,52,50,90,50,89,6,False,"Bug, Flying, Flying",411,120,80.0,66.66666666666666
736,Litleo,62,50,58,73,54,72,6,False,"Fire, Normal",369,124,55.0,44.354838709677416
737,Pyroar,86,68,72,109,66,106,6,False,"Fire, Normal",507,121,98.0,80.99173553719008
738,Flabébé,44,38,39,61,79,42,6,False,Fairy,303,151,34.0,22.516556291390728
739,Floette,54,45,47,75,98,52,6,False,Fairy,371,121,48.0,39.66942148760331
740,Florges,78,65,68,112,154,75,6,False,Fairy,552,121,76.0,62.8099173553719
741,Skiddo,66,65,48,62,57,52,6,False,Grass,350,127,46.0,36.22047244094488
742,Gogoat,123,100,62,97,81,68,6,False,Grass,531,129,62.0,48.06201550387597
743,Pancham,67,82,62,46,48,43,6,False,Fighting,348,118,26.0,22.033898305084744
744,Pangoro,95,124,78,69,71,58,6,False,"Fighting, Dark",495,123,46.0,37.39837398373984
745,Furfrou,75,80,60,65,90,102,6,False,Normal,472,131,113.0,86.25954198473282
755,Swirlix,62,48,66,59,57,49,6,False,Fairy,341,121,41.0,33.88429752066116
756,Slurpuff,82,80,86,85,75,72,6,False,Fairy,480,131,81.0,61.832061068702295
757,Inkay,53,54,53,37,46,45,6,False,"Dark, Psychic",288,110,34.0,30.909090909090907
758,Malamar,86,92,88,68,75,73,6,False,"Dark, Psychic",482,158,108.0,68.35443037974683
759,Binacle,42,52,67,39,56,50,6,False,"Rock, Water",306,129,37.0,28.68217054263566
760,Barbaracle,72,105,115,54,86,68,6,False,"Rock, Water",500,134,69.0,51.49253731343284
761,Skrelp,50,60,60,60,60,30,6,False,"Poison, Steel, Water",320,124,14.0,11.29032258064516
762,Dragalge,65,75,90,97,123,44,6,False,"Poison, Dragon",494,156,31.0,19.871794871794872
763,Clauncher,50,53,62,58,63,44,6,False,Water,330,124,17.0,13.709677419354838
764,Clawitzer,71,73,88,120,89,59,6,False,Water,500,147,64.0,43.53741496598639
773,Dedenne,67,58,57,81,67,101,6,False,"Electric, Fairy",431,124,109.0,87.90322580645162
774,Carbink,50,50,150,50,150,50,6,False,"Rock, Fairy",500,140,36.0,25.71428571428571
775,Goomy,45,50,35,55,75,40,6,False,Dragon,300,117,25.0,21.367521367521366
776,Sliggoo,68,75,53,83,113,60,6,False,Dragon,452,130,59.0,45.38461538461539
777,Goodra,90,100,70,110,150,80,6,False,Dragon,600,106,64.0,60.37735849056604
778,Klefki,57,80,91,80,87,75,6,False,"Steel, Fairy",470,122,70.0,57.377049180327866
784,Pumpkaboo Super Size,59,66,70,44,55,41,6,False,"Ghost, Grass",335,131,33.0,25.190839694656486
785,Gourgeist Average Size,65,90,122,58,75,84,6,False,"Ghost, Grass",494,128,92.0,71.875
786,Gourgeist Small Size,55,85,122,58,75,99,6,False,"Ghost, Grass",494,121,98.0,80.99173553719008
787,Gourgeist Large Size,75,95,122,58,75,69,6,False,"Ghost, Grass",494,124,71.0,57.25806451612904
788,Gourgeist Super Size,85,100,122,58,75,54,6,False,"Ghost, Grass",494,132,52.0,39.39393939393939
789,Bergmite,55,69,85,32,35,28,6,False,Ice,304,129,12.0,9.30232558139535
790,Avalugg,95,117,184,44,46,28,6,False,Ice,514,121,36.0,29.75206611570248
798,Hoopa Confined,80,110,60,150,130,70,6,True,"Psychic, Ghost",600,119,60.0,50.42016806722689
799,Hoopa Unbound,80,160,60,170,130,80,6,True,"Psychic, Dark",680,144,89.0,61.80555555555556
800,Volcanion,80,110,120,130,90,70,6,True,"Fire, Water",600,121,75.0,61.98347107438017
746,Espurr,62,48,54,63,60,68,6,False,Psychic,355,112,58.0,51.78571428571429
747,Meowstic Male,74,48,76,83,81,104,6,False,Psychic,466,115,91.0,79.13043478260869
748,Meowstic Female,74,48,76,83,81,104,6,False,Psychic,466,127,93.0,73.22834645669292
749,Honedge,45,80,100,35,37,28,6,False,"Steel, Ghost",325,112,35.0,31.25
750,Doublade,59,110,150,45,49,35,6,False,"Steel, Ghost",448,132,44.0,33.33333333333333
751,Aegislash Blade Forme,60,150,50,150,50,60,6,False,"Steel, Ghost",520,128,64.0,50.0
752,Aegislash Shield Forme,60,50,150,50,150,60,6,False,"Steel, Ghost",520,121,63.0,52.066115702479344
753,Spritzee,78,52,60,63,65,23,6,False,Fairy,341,133,8.0,6.015037593984962
754,Aromatisse,101,72,72,99,89,29,6,False,Fairy,462,129,25.0,19.379844961240313
765,Helioptile,44,38,33,61,43,70,6,False,"Electric, Normal",289,112,59.0,52.67857142857143
766,Heliolisk,62,55,52,109,94,109,6,False,"Electric, Normal",481,120,94.0,78.33333333333333
767,Tyrunt,58,89,77,45,45,48,6,False,"Rock, Dragon",362,107,34.0,31.775700934579437
768,Tyrantrum,82,121,119,69,59,71,6,False,"Rock, Dragon",521,152,82.0,53.94736842105263
769,Amaura,77,59,50,67,63,46,6,False,"Rock, Ice",362,121,28.0,23.140495867768596
770,Aurorus,123,77,72,99,92,58,6,False,"Rock, Ice",521,132,61.0,46.21212121212121
771,Sylveon,95,65,65,110,130,60,6,False,Fairy,525,122,49.0,40.16393442622951
772,Hawlucha,78,92,75,74,63,118,6,False,"Fighting, Flying",500,121,107.0,88.42975206611571
779,Phantump,43,70,48,50,60,38,6,False,"Ghost, Grass",309,138,33.0,23.91304347826087
780,Trevenant,85,110,76,65,82,56,6,False,"Ghost, Grass",474,150,59.0,39.33333333333333
781,Pumpkaboo Average Size,49,66,70,44,55,51,6,False,"Ghost, Grass",335,115,49.0,42.608695652173914
783,Pumpkaboo Large Size,54,66,70,44,55,46,6,False,"Ghost, Grass",335,121,51.0,42.14876033057851
791,Noibat,40,30,35,45,40,55,6,False,"Flying, Dragon",245,127,40.0,31.496062992125985
792,Noivern,85,70,80,97,80,123,6,False,"Flying, Dragon",535,115,107.0,93.04347826086956
793,Xerneas,126,131,95,131,98,99,6,True,Fairy,680,129,107.0,82.94573643410853
794,Yveltal,126,131,95,131,98,99,6,True,"Dark, Flying",680,137,111.0,81.02189781021897
795,Zygarde Half Forme,108,100,121,81,95,95,6,True,"Dragon, Ground",600,107,80.0,74.76635514018692
796,Diancie,50,100,150,100,150,50,6,True,"Rock, Fairy",600,105,39.0,37.142857142857146
797,Mega Diancie,50,160,110,160,110,110,6,True,"Rock, Fairy",700,131,116.0,88.54961832061069
